{
  "Total" : {
    "transaction" : "Total",
    "sampleCount" : 2000102,
    "errorCount" : 0,
    "errorPct" : 0.0,
    "meanResTime" : 66.24667541955696,
    "medianResTime" : 29.0,
    "minResTime" : 0.0,
    "maxResTime" : 1089.0,
    "pct1ResTime" : 213.0,
    "pct2ResTime" : 278.0,
    "pct3ResTime" : 419.9800000000032,
    "throughput" : 2285.2145021457072,
    "receivedKBytesPerSec" : 641.3480348978733,
    "sentKBytesPerSec" : 780.8310170235513
  },
  "HTTP POST Enqueue Request" : {
    "transaction" : "HTTP POST Enqueue Request",
    "sampleCount" : 1000070,
    "errorCount" : 0,
    "errorPct" : 0.0,
    "meanResTime" : 4.94142210045303,
    "medianResTime" : 4.0,
    "minResTime" : 0.0,
    "maxResTime" : 112.0,
    "pct1ResTime" : 10.0,
    "pct2ResTime" : 13.0,
    "pct3ResTime" : 23.0,
    "throughput" : 1142.8653056093617,
    "receivedKBytesPerSec" : 195.31389500159992,
    "sentKBytesPerSec" : 385.0473930031541
  },
  "HTTP POST Reserve Request" : {
    "transaction" : "HTTP POST Reserve Request",
    "sampleCount" : 1000032,
    "errorCount" : 0,
    "errorPct" : 0.0,
    "meanResTime" : 127.55425826373832,
    "medianResTime" : 118.0,
    "minResTime" : 7.0,
    "maxResTime" : 1089.0,
    "pct1ResTime" : 297.0,
    "pct2ResTime" : 372.0,
    "pct3ResTime" : 503.0,
    "throughput" : 1146.6652601356234,
    "receivedKBytesPerSec" : 447.66728540416364,
    "sentKBytesPerSec" : 397.2767222146099
  }
}